business_goal,scenario,requirement_id,requirement_title,priority,acceptance_id,acceptance_desc,target_release,status
AI Agent 网页浏览,打开页面到目标站点,REQ-BRW-001,打开页面,MUST,AC-BRW-001-01,输入合法 https URL 返回标题与最终 URL,V1,PROPOSED
AI Agent 网页浏览,打开页面到目标站点,REQ-BRW-001,打开页面,MUST,AC-BRW-001-02,无效/不可达 URL 返回可读错误不破坏浏览器,V1,PROPOSED
AI Agent 网页浏览,打开页面到目标站点,REQ-BRW-001,打开页面,MUST,AC-BRW-001-03,file:// 等危险 scheme 被拒绝,V1,PROPOSED
AI Agent 网页浏览,打开页面到目标站点,REQ-BRW-001,打开页面,MUST,AC-BRW-001-04,未授权域名被拒绝不发起导航,V1,PROPOSED
AI Agent 网页浏览,理解页面内容,REQ-BRW-002,读取页面内容,MUST,AC-BRW-002-01,返回可见文本与页面元数据,V1,PROPOSED
AI Agent 网页浏览,理解页面内容,REQ-BRW-002,读取页面内容,MUST,AC-BRW-002-02,未打开页面返回明确错误,V1,PROPOSED
AI Agent 网页浏览,识别可交互按钮,REQ-BRW-003,列出按钮,MUST,AC-BRW-003-01,返回主文档全部按钮含 text/selector/position/visible/clickable/aria,V1,PROPOSED
AI Agent 网页浏览,识别可交互按钮,REQ-BRW-003,列出按钮,MUST,AC-BRW-003-02,selector 可复用于 browser_click 定位,V1,PROPOSED
AI Agent 网页浏览,识别可交互按钮,REQ-BRW-003,列出按钮,MUST,AC-BRW-003-03,被遮挡或 disabled 按钮 clickable=false,V1,PROPOSED
AI Agent 网页浏览,点击触发交互,REQ-BRW-004,点击按钮,MUST,AC-BRW-004-01,点击成功返回更新后页面状态,V1,PROPOSED
AI Agent 网页浏览,点击触发交互,REQ-BRW-004,点击按钮,MUST,AC-BRW-004-02,无效 selector 返回定位错误不抛未处理异常,V1,PROPOSED
AI Agent 网页浏览,点击触发交互,REQ-BRW-004,点击按钮,MUST,AC-BRW-004-03,弹窗自动 dismiss 返回信息不挂起,V1,PROPOSED
AI Agent 网页浏览,点击触发交互,REQ-BRW-004,点击按钮,MUST,AC-BRW-004-04,target=_blank 新标签被关闭主标签保持,V1,PROPOSED
内部系统访问,登录态复用,REQ-BRW-005,登录态 storageState,MUST,AC-BRW-005-01,加载 storageState 保持登录态,V1,PROPOSED
内部系统访问,登录态复用,REQ-BRW-005,登录态 storageState,MUST,AC-BRW-005-02,保存 storageState 且 cookie 不返回给 Agent,V1,PROPOSED
内部系统访问,登录态复用,REQ-BRW-005,登录态 storageState,MUST,AC-BRW-005-03,storageState 失效返回重新保存提示,V1,PROPOSED
AI Agent 网页浏览,导航控制,REQ-BRW-006,导航控制,SHOULD,AC-BRW-006-01,有历史时 back 返回上一页,V1,PROPOSED
AI Agent 网页浏览,导航控制,REQ-BRW-006,导航控制,SHOULD,AC-BRW-006-02,wait 等待指定元素出现或超时返回,V1,PROPOSED
